Link,Last Updated,Type,Title,SEO Score,Brand Score,Freshness Score,Readability Score,CTA Score,Composite Score,Action Flag,Notes,Suggestions,Impact,Effort,Priority,Last Audited
https://www.getgenea.com/blog/why-work-order-systems-dont-work-for-managing-overtime-hvac/,,Blog,Why Work Order Systems Don't Work for Managing On-Demand HVAC - Genea,9,11,13,13,12,58,Update,"The biggest weakness is SEO — there is no meta description, the title is weak for keyword targeting, and there are zero internal links to related Genea product or blog pages; the biggest strength is a clear problem/solution narrative that logically walks the reader through pain points before introducing the product.","- Add a meta description targeting a high-intent phrase such as 'after-hours HVAC request software for commercial buildings' — none currently exists, and the title 'Why Work Order Systems Don't Work for Managing On-Demand HVAC' also misses primary keywords like 'overtime HVAC,' 'after hours air conditioning request,' or 'building HVAC automation.'
- Rename all references to 'On-Demand HVAC' to 'Overtime HVAC' to match current Genea product naming — per the help articles 'Creating an Overtime HVAC Request via a Mobile app' and 'Creating an Overtime HVAC request from a desktop,' the product is consistently called 'Overtime HVAC,' and using the old 'On-Demand HVAC' label creates a brand/naming inconsistency that could confuse prospects researching the product.
- Add internal links to related Genea content and the Genea Portal login URL (https://portal.getgenea.com) — per the help article 'Creating an Overtime HVAC request from a desktop,' this is the tenant entry point, and linking to it (or to a product page) would improve both SEO crawlability and conversion by giving readers an immediate path to try the product.
- Fix the copy error 'are able so specify' (should be 'are able to specify') and remove the redundant phrase 'tenant air requests' in the second paragraph ('after hours air tenant air requests'), as these grammar issues undermine credibility in a vendor blog post.
- Replace the vague closing CTA 'reach out to me' (which implies a personal contact rather than a company resource) with a branded CTA such as 'Contact our team' or 'Talk to a Genea specialist,' and ensure the 'Schedule a Demo' button links to a tracked landing page rather than an unspecified anchor, to improve measurable conversion.",High,Low,Quick Win,2026-08-25
https://www.getgenea.com/case-studies/offerup/,,Case Study,OfferUp + Genea - Access Control Solution Case Study - Genea,8,12,10,11,10,51,Update,"The biggest strength is a concrete, relatable customer pain point (manual provisioning, Okta gap) that maps well to Genea's core value proposition; the biggest issue is that this is barely a case study — it reads as a two-paragraph stub with no outcomes, metrics, quotes, or body content, and the company name is misspelled ('Belleuve' instead of 'Bellevue') in the opening line.","- Fix the typo 'Belleuve' → 'Bellevue' in the opening sentence immediately, as it undermines credibility in the first five words of the piece.
- Expand the stub into a real case study with at least one quantified outcome (e.g., time saved provisioning new hires, error-rate reduction) and a customer quote — the current content stops before delivering any proof, making it conversion-dead.
- Add a title tag and meta description targeting a phrase like 'Okta access control integration case study' or 'automate physical access control with Okta' — no meta description currently exists and the page title is generic.
- Update or supplement the Okta-only framing to acknowledge that Genea also integrates with Microsoft Entra ID (formerly Azure AD) via SCIM — per the help article 'Genea Access Control + Microsoft Entra ID: Employee Provisioning Integration,' this is a current and actively documented capability that strengthens the identity-management narrative and improves keyword breadth.
- Add internal links to relevant integration or product pages (e.g., Okta Lifecycle Management integration page, cloud access control product page) to improve crawlability and keep readers in the funnel beyond the single 'Schedule a demo' CTA.",High,High,Major Project,2026-08-25
https://www.getgenea.com/integrations/braxos/,,Web Page,Genea Security + braXos Security- Destination Dispatch Integration,6,11,12,5,8,42,Update,"The page is almost entirely navigation chrome and boilerplate footer with virtually no substantive body content about the braXos integration — there is no description of what braXos is, how the integration works, what it enables, or why a buyer should care, making it nearly useless for SEO, education, or conversion. The only strength is the presence of a 'Book A Demo' CTA and the correct product pairing label ('Access Control and Visitor Management').","- Write a substantive integration description section (3–5 paragraphs or a feature-bullet block) explaining what braXos is, what the Genea + braXos destination-dispatch integration does technically (e.g., how access credentials control elevator floor access), and what business problem it solves — the page currently contains zero body copy beyond a headline and tagline, which will rank for nothing and convert no one.
- Per the help article 'Genea Access Control System Integration with OTIS Compass Destination Dispatch System,' Genea already documents how destination dispatch works (passengers select a floor, the system assigns an elevator, managed from the Genea platform) — mirror that explanatory framework for the braXos page so prospects understand the workflow, and cross-link to the OTIS Compass article to demonstrate Genea's broader elevator ecosystem.
- Add a meta description targeting a phrase like 'braXos destination dispatch access control integration' — none exists in the provided content, and without one search engines will auto-generate a snippet from the sparse nav text, destroying click-through rates.
- Replace the generic tagline 'Your ticket to the cloud is here' with a specific value statement tied to braXos, such as how the integration enables credential-based floor selection or eliminates separate elevator management consoles, to align with Genea's 'extend beyond the door' positioning and cloud-native brand messaging.
- Add an H2/H3 header structure (e.g., 'How It Works,' 'Key Capabilities,' 'Who It's For') to give the page scannable hierarchy — currently there is a single H1-level title and no sub-headers, which harms both readability and SEO crawlability.",High,High,Major Project,2026-08-25
https://www.getgenea.com/security-and-compliance/,,Web Page,Genea | Security and Compliance Regulations,8,11,9,12,8,48,Update,"The biggest issue is a combination of stale content (the Apache Log4j2 section references a 2021 CVE as an active investigation, making the page read as years out of date), weak SEO (no meta description, thin keyword targeting, no internal links to product or integration pages), and brand inconsistency (the page uses 'Visitor Management' as a product name but it is unclear if that is the current product name, and the page misses opportunities to reference current integrations like Okta SSO, OneLogin, Webex, and video VMS systems that are documented in current help content). The biggest strength is that the page covers a comprehensive range of compliance topics (SOC 2, GDPR, CCPA, UL, encryption specs) that are genuinely useful for security-conscious buyers.","- Remove or archive the Apache Log4j2 section entirely — it references an active 2021 investigation (CVE-2021-44228) as ongoing, which makes the entire page read as years stale and actively undermines trust, which is the opposite of the page's purpose.
- Add a meta description targeting a phrase such as 'cloud-based access control security and compliance — SOC 2, GDPR, CCPA' — none currently exists, and this is a high-intent page that buyers and security teams will search for.
- Replace the generic SAML-Based SSO and Two-Factor Authentication sections with links to current integration documentation — per the help articles 'How to Enable Single Sign-On With SAML for Okta' and 'Genea Access Control + OneLogin: Employee Provisioning Integration,' Genea supports specific named IdPs (Okta, OneLogin) with detailed setup guides; naming these on the compliance page adds credibility and internal linking value.
- Restructure the page with proper H2/H3 header hierarchy — the 'Sections' bullet list is currently just a visual index with no anchor links and the body headers are not clearly nested, which hurts both readability and SEO crawlability.
- Replace the vague CTA 'Your ticket to the cloud is here. Talk to a Genea Expert, today' with a specific, trust-aligned CTA such as 'Request our SOC 2 Type 2 report or speak with a security expert' — the page already mentions the report is available on request but buries it in body copy with no dedicated button or form link.",High,Low,Quick Win,2026-08-25
