Link,Last Updated,Type,Title
https://www.getgenea.com/blog/why-work-order-systems-dont-work-for-managing-overtime-hvac/,2021-09-15T22:06:37+00:00,Blog,
https://www.getgenea.com/blog/access-control-best-practices-in-a-post-covid-19-world/,2021-09-16T22:31:31+00:00,Blog,
https://www.getgenea.com/blog/access-control-in-the-time-of-covid-19/,2021-09-16T22:32:22+00:00,Blog,
https://www.getgenea.com/blog/benefits-one-system-access-control-and-visitor-management/,2021-09-16T22:47:08+00:00,Blog,
https://www.getgenea.com/blog/proprietary-vs-open-hardware/,2021-09-17T14:52:16+00:00,Blog,
https://www.getgenea.com/blog/how-are-you-managing-during-the-pandemic/,2021-09-17T15:02:15+00:00,Blog,
https://www.getgenea.com/blog/integrating-digital-identity-management-and-physical-access-control/,2021-09-28T23:05:50+00:00,Blog,
https://www.getgenea.com/blog/cloud-based-access-control-systems-are-essential-to-office-automation/,2021-09-29T16:24:38+00:00,Blog,
https://www.getgenea.com/blog/access-control-integrations-streamline-property-access-software/,2021-10-27T17:33:46+00:00,Blog,
https://www.getgenea.com/blog/5-reasons-why-your-tenants-arent-requesting-overtime-hvac/,2021-10-27T17:36:47+00:00,Blog,
https://www.getgenea.com/blog/quantifying-the-value-of-your-after-hours-hvac-program/,2021-10-27T17:37:08+00:00,Blog,
https://www.getgenea.com/blog/5-tips-on-how-to-improve-access-control-security-for-your-facility/,2021-10-27T17:42:22+00:00,Blog,
https://www.getgenea.com/blog/how-visitor-checkout-flows-improve-the-guest-experience/,2022-01-06T18:24:58+00:00,Blog,
https://www.getgenea.com/blog/what-is-cloud-architecture/,2022-01-14T00:18:31+00:00,Blog,
https://www.getgenea.com/blog/converting-manually-read-meters-to-be-read-remotely/,2022-01-14T22:47:25+00:00,Blog,
https://www.getgenea.com/blog/challenges-facing-security-integrators/,2022-05-19T19:12:13+00:00,Blog,
https://www.getgenea.com/blog/a-secure-access-control-system-what-to-look-for/,2023-01-31T23:11:19+00:00,Blog,
https://www.getgenea.com/blog/access-control-checklist/,2023-01-31T23:30:12+00:00,Blog,
https://www.getgenea.com/blog/access-control-for-small-business-why-every-small-business-needs-an-access-control-system/,2023-01-31T23:31:35+00:00,Blog,
https://www.getgenea.com/blog/why-building-engineers-love-automated-submeter-reading-and-billing/,2023-02-01T00:14:24+00:00,Blog,
https://www.getgenea.com/blog/using-digital-submeter-readings-to-manage-expenses-and-expectations/,2023-02-10T18:06:50+00:00,Blog,
https://www.getgenea.com/blog/building-access-control-systems-which-one-should-you-use/,2023-02-14T21:16:50+00:00,Blog,
https://www.getgenea.com/blog/cloud-based-vs-server-based-access-control/,2023-02-14T21:58:30+00:00,Blog,
https://www.getgenea.com/blog/commercial-real-estate-changes-post-covid/,2023-02-14T22:39:06+00:00,Blog,
https://www.getgenea.com/blog/how-to-use-submeters-at-your-building/,2023-02-16T21:14:40+00:00,Blog,
https://www.getgenea.com/blog/isc-west-2022/,2023-02-16T21:38:32+00:00,Blog,
https://www.getgenea.com/blog/make-submeter-billback-less-painful/,2023-02-16T22:06:41+00:00,Blog,
https://www.getgenea.com/blog/non-proprietary-access-control-and-stid/,2023-02-16T22:18:30+00:00,Blog,
https://www.getgenea.com/blog/open-access-control-vs-proprietary-access-control/,2023-02-16T22:19:22+00:00,Blog,
https://www.getgenea.com/blog/over-the-air-updates/,2023-02-16T22:21:23+00:00,Blog,
https://www.getgenea.com/blog/physical-security-audit-checklist/,2023-02-16T22:50:26+00:00,Blog,
https://www.getgenea.com/blog/setting-up-office-security-smb/,2023-02-16T22:57:03+00:00,Blog,
https://www.getgenea.com/blog/submetering-102-a-property-managers-guide/,2023-02-17T00:05:09+00:00,Blog,
https://www.getgenea.com/blog/the-benefits-of-mobile-access-control/,2023-02-17T00:13:34+00:00,Blog,
https://www.getgenea.com/blog/the-5-different-types-of-access-control/,2023-03-03T17:25:04+00:00,Blog,
https://www.getgenea.com/blog/types-of-electronic-access-control/,2023-03-09T23:12:19+00:00,Blog,
https://www.getgenea.com/blog/wireless-access-control-overview/,2023-03-21T15:46:49+00:00,Blog,
https://www.getgenea.com/blog/what-is-an-access-control-takeover/,2023-04-05T15:51:24+00:00,Blog,
https://www.getgenea.com/blog/access-control-technology-trends/,2023-05-10T16:13:15+00:00,Blog,
https://www.getgenea.com/blog/the-complete-guide-to-door-lock-systems/,2023-05-10T16:15:05+00:00,Blog,
https://www.getgenea.com/blog/parking-access-control-systems/,2023-05-10T16:16:53+00:00,Blog,
https://www.getgenea.com/blog/cloud-based-security-camera-systems/,2023-05-10T16:17:19+00:00,Blog,
https://www.getgenea.com/blog/how-do-smart-meters-communicate/,2023-05-10T16:18:47+00:00,Blog,
https://www.getgenea.com/blog/how-do-smart-meters-work/,2023-05-10T16:19:06+00:00,Blog,
https://www.getgenea.com/blog/touchless-elevators-the-wave-of-the-future/,2023-05-10T16:19:26+00:00,Blog,
https://www.getgenea.com/blog/attribute-based-access-control/,2023-05-10T16:19:59+00:00,Blog,
https://www.getgenea.com/blog/everything-you-need-to-know-about-smart-gas-meters/,2023-05-10T16:23:48+00:00,Blog,
https://www.getgenea.com/blog/the-pros-and-cons-of-proximity-card-reader-systems/,2023-05-10T16:24:12+00:00,Blog,
https://www.getgenea.com/blog/smart-meters-for-electricity-the-benefits-you-didnt-know/,2023-05-10T16:28:36+00:00,Blog,
https://www.getgenea.com/blog/access-control-panels/,2023-05-10T16:29:09+00:00,Blog,
https://www.getgenea.com/blog/the-pros-and-cons-of-facial-recognition-access-control/,2023-05-10T16:29:25+00:00,Blog,
https://www.getgenea.com/blog/cloud-access-control-for-security-consultants/,2023-05-10T16:29:45+00:00,Blog,
https://www.getgenea.com/blog/biometric-access-control/,2023-05-10T16:32:07+00:00,Blog,
https://www.getgenea.com/blog/six-beneficial-smart-office-solutions-you-need-today/,2023-05-10T16:34:20+00:00,Blog,
https://www.getgenea.com/blog/creating-and-implementing-an-access-control-policy/,2023-05-10T16:34:53+00:00,Blog,
https://www.getgenea.com/blog/advice-for-managing-difficult-tenants/,2023-05-10T16:35:38+00:00,Blog,
https://www.getgenea.com/blog/video-management/,2023-05-10T16:40:51+00:00,Blog,
https://www.getgenea.com/blog/rethinking-visitor-management-genea-new-releases/,2023-05-10T16:59:14+00:00,Blog,
https://www.getgenea.com/blog/cloud-computing-accelerated-during-covid/,2023-05-10T17:00:36+00:00,Blog,
https://www.getgenea.com/blog/access-control-global-dashboard-features/,2023-05-10T17:01:44+00:00,Blog,
https://www.getgenea.com/blog/installing-an-access-control-system-what-you-need-to-get-started-part-2/,2023-05-10T17:02:44+00:00,Blog,
https://www.getgenea.com/blog/installing-an-access-control-system-what-you-need-to-get-started/,2023-05-10T17:03:03+00:00,Blog,
https://www.getgenea.com/blog/how-do-web-based-access-control-systems-work/,2023-05-10T17:03:23+00:00,Blog,
https://www.getgenea.com/blog/security-differences-prox-cards-and-mobile-credentialing/,2023-05-10T17:04:02+00:00,Blog,
https://www.getgenea.com/blog/cloud-based-access-control-how-it-saves-time/,2023-05-10T17:05:57+00:00,Blog,
https://www.getgenea.com/blog/security-and-access-systems-how-they-work-to-keep-facilities-secure/,2023-05-10T17:06:16+00:00,Blog,
https://www.getgenea.com/blog/key-features-and-benefits-of-a-quality-visitor-management-system-software/,2023-05-10T17:07:57+00:00,Blog,
https://www.getgenea.com/blog/key-card-entry-system-security-what-is-the-difference-between-nfc-and-rfid/,2023-05-10T17:10:08+00:00,Blog,
https://www.getgenea.com/blog/modern-features-secure-access-control-system/,2023-05-10T17:11:41+00:00,Blog,
https://www.getgenea.com/blog/door-access-control-systems-how-to-choose-the-right-one/,2023-05-10T17:13:26+00:00,Blog,
https://www.getgenea.com/blog/cloud-based-access-control-vs-key-cards/,2023-05-10T17:14:10+00:00,Blog,
https://www.getgenea.com/blog/webinar-genea-access-control-demo/,2023-05-10T17:24:03+00:00,Blog,
https://www.getgenea.com/blog/adopting-a-vision-genea-ceo-journey/,2023-05-10T17:24:21+00:00,Blog,
https://www.getgenea.com/blog/bringing-the-heat-genea-ceo-on-technology-and-building-trust/,2023-05-10T17:24:44+00:00,Blog,
https://www.getgenea.com/blog/webinar-get-people-back-to-the-office-with-safe-workplace/,2023-05-12T17:57:19+00:00,Blog,
https://www.getgenea.com/blog/return-to-the-office-with-safe-workplace/,2023-05-12T17:57:54+00:00,Blog,
https://www.getgenea.com/blog/webinar-practical-ways-to-implement-technology-tenants-are-demanding-part-2/,2023-05-12T17:58:54+00:00,Blog,
https://www.getgenea.com/blog/webinar-practical-ways-to-implement-technology-tenants-are-demanding-part-1/,2023-05-12T17:59:15+00:00,Blog,
https://www.getgenea.com/blog/modernizing-building-visitor-management/,2023-05-12T17:59:45+00:00,Blog,
https://www.getgenea.com/blog/tenant-facing-technology-in-cre/,2023-05-12T18:00:23+00:00,Blog,
https://www.getgenea.com/blog/webinar-automating-the-way-you-manage-submeter-reading-and-billing-part-3/,2023-05-12T18:01:08+00:00,Blog,
https://www.getgenea.com/blog/webinar-automating-the-way-you-manage-submeter-reading-and-billing-part-2/,2023-05-12T18:01:33+00:00,Blog,
https://www.getgenea.com/blog/the-risks-of-proprietary-access-control-door-hardware-for-commercial-buildings/,2023-05-12T18:02:16+00:00,Blog,
https://www.getgenea.com/blog/leveraging-tenant-empowerment-technology-part-2/,2023-05-12T18:03:18+00:00,Blog,
https://www.getgenea.com/blog/webinar-quantifying-the-value-of-going-on-demand/,2023-05-12T18:03:39+00:00,Blog,
https://www.getgenea.com/blog/webinar-touchless-access-for-the-modern-building/,2023-05-12T18:04:22+00:00,Blog,
https://www.getgenea.com/blog/genea-ceo-michael-wong-featured-on-the-c-life-podcast/,2023-05-12T18:08:22+00:00,Blog,
https://www.getgenea.com/blog/ey-announces-michael-wong-of-genea-as-entrepreneur-of-the-year-2019-award-semifinalist/,2023-05-12T18:09:14+00:00,Blog,
https://www.getgenea.com/blog/genea-joins-siemens-connect-ecosystem/,2023-05-12T18:10:03+00:00,Blog,
https://www.getgenea.com/blog/spreadsheets-vs-the-cloud/,2023-05-12T18:14:54+00:00,Blog,
https://www.getgenea.com/blog/things-you-must-understand-before-choosing-an-access-control-system/,2023-05-12T18:16:24+00:00,Blog,
https://www.getgenea.com/blog/the-importance-of-an-enterprise-visitor-management-system/,2023-05-12T18:25:30+00:00,Blog,
https://www.getgenea.com/blog/genea-access-control-partners-with-mercury-security-hardware/,2023-05-12T18:26:01+00:00,Blog,
https://www.getgenea.com/blog/building-access-in-a-post-covid-19-world/,2023-05-12T18:26:22+00:00,Blog,
https://www.getgenea.com/blog/genea-and-moylan-energy-management-team-up-to-bring-technology-to-submeter-management-in-michigan-market/,2023-05-12T18:27:29+00:00,Blog,
https://www.getgenea.com/blog/oversights-will-cost-you-how-to-avoid-common-submeter-installation-issues/,2023-05-12T18:27:44+00:00,Blog,
https://www.getgenea.com/blog/webinar-recap-tenant-billback/,2023-05-12T18:27:57+00:00,Blog,
https://www.getgenea.com/blog/genea-welcomes-new-advisory-board-member-elizabeth-majkowski/,2023-05-12T18:28:31+00:00,Blog,
https://www.getgenea.com/blog/using-green-leases-to-champion-sustainability/,2023-05-12T18:29:17+00:00,Blog,
https://www.getgenea.com/blog/how-genea-can-impact-your-sustainability-efforts/,2023-05-12T18:30:27+00:00,Blog,
https://www.getgenea.com/blog/the-importance-of-access-control-security/,2023-06-28T16:21:32+00:00,Blog,
https://www.getgenea.com/blog/how-property-teams-can-save-energy-by-going-on-demand/,2023-07-19T22:00:25+00:00,Blog,
https://www.getgenea.com/blog/visitor-management/,2023-08-21T15:53:37+00:00,Blog,
https://www.getgenea.com/blog/the-power-of-a-single-pane-of-glass-for-physical-access-control/,2023-11-27T17:29:56+00:00,Blog,
https://www.getgenea.com/blog/best-access-control-systems-of-2024-genea-vs-verkada/,2024-01-08T22:53:46+00:00,Blog,
https://www.getgenea.com/blog/the-best-door-access-control-systems-of-2024/,2024-01-08T22:56:29+00:00,Blog,
https://www.getgenea.com/blog/alyssas-law-and-panic-alarms/,2024-01-09T17:11:25+00:00,Blog,
https://www.getgenea.com/blog/5-reasons-why-your-tenants-want-commercial-submetering/,2024-01-10T20:26:19+00:00,Blog,
https://www.getgenea.com/blog/add-your-employee-badge-to-apple-wallet/,2024-02-06T20:40:17+00:00,Blog,
https://www.getgenea.com/blog/audit-and-access-logs-for-physical-access-control/,2024-02-06T20:40:18+00:00,Blog,
https://www.getgenea.com/blog/genea-ava-integration-video-management-meets-access-control/,2024-02-06T20:40:19+00:00,Blog,
https://www.getgenea.com/blog/convergint-genea-webinar/,2024-02-06T20:40:20+00:00,Blog,
https://www.getgenea.com/blog/custom-attributes-for-access-control/,2024-02-06T20:40:21+00:00,Blog,
https://www.getgenea.com/blog/custom-roles-for-access-control/,2024-02-06T20:40:22+00:00,Blog,
https://www.getgenea.com/blog/genea-arcules-video-integration/,2024-02-06T20:40:25+00:00,Blog,
https://www.getgenea.com/blog/genea-access-control-integration-with-exacqvision/,2024-02-06T20:40:26+00:00,Blog,
https://www.getgenea.com/blog/genea-access-control-rhombus-video-management/,2024-02-06T20:40:27+00:00,Blog,
https://www.getgenea.com/blog/genea-supports-custom-webhook-configuration/,2024-02-06T20:40:28+00:00,Blog,
https://www.getgenea.com/blog/muster-reports/,2024-02-06T20:40:29+00:00,Blog,
https://www.getgenea.com/blog/custom-reporting-for-access-control/,2024-02-06T20:40:29+00:00,Blog,
https://www.getgenea.com/blog/destination-dispatch-elevators/,2024-02-06T20:40:30+00:00,Blog,
https://www.getgenea.com/blog/vertx-hardware/,2024-02-06T20:40:31+00:00,Blog,
https://www.getgenea.com/blog/new-camera-integration-with-tyco-cloud/,2024-02-06T20:40:32+00:00,Blog,
https://www.getgenea.com/blog/submeter-billing-app-3/,2024-02-06T20:40:34+00:00,Blog,
https://www.getgenea.com/blog/blog-time-based-access-groups/,2024-02-06T20:40:34+00:00,Blog,
https://www.getgenea.com/blog/video-wall-video-management/,2024-02-06T20:40:35+00:00,Blog,
https://www.getgenea.com/blog/webex-genea-access-control/,2024-02-06T20:40:36+00:00,Blog,
https://www.getgenea.com/blog/tenant-amenity-apps-and-access-control/,2024-02-06T20:40:36+00:00,Blog,
https://www.getgenea.com/blog/air-and-access-control-making-return-to-work-possible/,2024-02-06T22:04:26+00:00,Blog,
https://www.getgenea.com/blog/5-reasons-office-and-facilities-managers-demand-overtime-hvac-in-offices/,2024-02-06T22:04:30+00:00,Blog,
https://www.getgenea.com/blog/passing-through-the-cost-of-your-overtime-hvac-software/,2024-02-06T22:04:31+00:00,Blog,
https://www.getgenea.com/blog/how-highly-effective-cre-professionals-approach-technology/,2024-02-06T22:04:32+00:00,Blog,
https://www.getgenea.com/blog/holiday-blues-managing-overtime-hvac-during-the-holidays/,2024-02-06T22:04:32+00:00,Blog,
https://www.getgenea.com/blog/what-does-it-mean-for-my-building-to-be-on-demand/,2024-02-06T22:04:36+00:00,Blog,
https://www.getgenea.com/blog/if-you-arent-automating-tenant-billing-youre-losing-money/,2024-02-06T22:04:37+00:00,Blog,
https://www.getgenea.com/blog/new-genea-submeter-billing-app-now-available-on-ios-and-android/,2024-02-06T22:09:45+00:00,Blog,
https://www.getgenea.com/blog/mobile-credentials/,2024-06-21T21:48:33+00:00,Blog,
https://www.getgenea.com/blog/access-control-systems/,2024-06-28T20:44:01+00:00,Blog,
https://www.getgenea.com/blog/the-ultimate-guide-to-door-access-control-systems-for-business/,2024-06-28T20:45:06+00:00,Blog,
https://www.getgenea.com/blog/shopify-genea-google-wallet-announcement/,2024-07-12T18:48:50+00:00,Blog,
https://www.getgenea.com/blog/physical-access-control/,2024-07-23T17:45:24+00:00,Blog,
https://www.getgenea.com/blog/lenel-elements-access-control-review-price-and-more/,2024-07-26T16:38:07+00:00,Blog,
https://www.getgenea.com/blog/the-evolution-of-access-control/,2024-07-26T16:43:12+00:00,Blog,
https://www.getgenea.com/blog/what-is-physical-access-control/,2024-07-26T16:45:30+00:00,Blog,
https://www.getgenea.com/blog/access-control-installation-step-by-step-guide/,2024-07-26T16:47:02+00:00,Blog,
https://www.getgenea.com/blog/access-control-system-cost/,2024-07-26T16:50:45+00:00,Blog,
https://www.getgenea.com/blog/access-control-as-a-service-the-cloud-vs-on-premises/,2024-07-26T16:51:23+00:00,Blog,
https://www.getgenea.com/blog/top-5-benefits-of-enterprise-access-control-systems/,2024-07-26T16:52:12+00:00,Blog,
https://www.getgenea.com/blog/choosing-the-best-access-control-for-business/,2024-07-26T16:52:55+00:00,Blog,
https://www.getgenea.com/blog/8-benefits-of-cloud-based-access-control-systems/,2024-07-26T16:55:25+00:00,Blog,
https://www.getgenea.com/blog/mercury-mp-controllers-are-supercharging-security/,2024-10-30T14:57:13+00:00,Blog,
https://www.getgenea.com/blog/the-best-cloud-based-access-control-for-hospitals/,2024-12-03T21:04:25+00:00,Blog,
https://www.getgenea.com/blog/best-access-control-companies-and-manufacturers-of-2024/,2024-12-03T21:04:54+00:00,Blog,
https://www.getgenea.com/blog/how-wireless-access-control-works/,2024-12-19T23:15:38+00:00,Blog,
https://www.getgenea.com/blog/mobile-or-card-access-control/,2024-12-19T23:23:37+00:00,Blog,
https://www.getgenea.com/blog/is-your-after-hours-hvac-program-costing-you/,2024-12-20T17:34:37+00:00,Blog,
https://www.getgenea.com/blog/genea-acquires-access-control-company-sequr/,2024-12-20T17:41:03+00:00,Blog,
https://www.getgenea.com/blog/submeters-101-all-you-need-to-know/,2024-12-20T17:43:57+00:00,Blog,
https://www.getgenea.com/blog/submeter-guide/,2024-12-20T17:51:43+00:00,Blog,
https://www.getgenea.com/blog/best-multi-circuit-smart-meters/,2024-12-20T17:55:11+00:00,Blog,
https://www.getgenea.com/blog/the-4-most-common-submeter-billing-mistakes/,2024-12-20T17:56:50+00:00,Blog,
https://www.getgenea.com/blog/genea-vs-avigilon-alta/,2024-12-20T18:04:54+00:00,Blog,
https://www.getgenea.com/blog/four-hidden-costs-of-your-after-hours-hvac-process/,2024-12-20T18:11:09+00:00,Blog,
https://www.getgenea.com/blog/the-smart-building-a-glimpse-into-the-future/,2024-12-20T18:35:33+00:00,Blog,
https://www.getgenea.com/blog/webinar-practical-ways-to-implement-technology-tenants-are-demanding-part-3/,2024-12-20T18:44:08+00:00,Blog,
https://www.getgenea.com/blog/visitor-management-software/,2024-12-20T18:46:30+00:00,Blog,
https://www.getgenea.com/blog/ip-based-door-access-control/,2024-12-20T18:47:46+00:00,Blog,
https://www.getgenea.com/blog/leveraging-practical-technology-in-a-new-age-of-demand/,2024-12-20T19:13:32+00:00,Blog,
https://www.getgenea.com/blog/maintaining-the-magic-in-customer-service-during-growth-using-nps/,2024-12-20T19:22:08+00:00,Blog,
https://www.getgenea.com/blog/8-tenant-events-that-wont-break-the-bank/,2024-12-20T19:25:30+00:00,Blog,
https://www.getgenea.com/blog/submetering-laws-and-regulations/,2024-12-20T19:36:54+00:00,Blog,
https://www.getgenea.com/blog/5-most-common-ways-submeter-reading-vendors-are-dropping-the-ball/,2024-12-20T19:48:41+00:00,Blog,
https://www.getgenea.com/blog/5-themes-from-propmodos-seminar-on-better-property-management-through-technology/,2024-12-20T20:15:16+00:00,Blog,
https://www.getgenea.com/blog/interview-with-inside-access-control-ceo-lee-odess/,2024-12-20T20:16:12+00:00,Blog,
https://www.getgenea.com/blog/genea-named-top-workplace-four-years-in-a-row/,2024-12-20T20:16:51+00:00,Blog,
https://www.getgenea.com/blog/elevator-access-control-systems-everything-you-need-to-know/,2024-12-20T20:17:52+00:00,Blog,
https://www.getgenea.com/blog/smart-building-technology/,2025-01-06T15:01:55+00:00,Blog,
https://www.getgenea.com/blog/is-your-office-safe-5-tips-to-improve-workplace-security/,2025-01-08T15:50:51+00:00,Blog,
https://www.getgenea.com/blog/mobile-access/,2025-01-08T15:51:17+00:00,Blog,
https://www.getgenea.com/blog/out-of-this-world-trends-in-cretech/,2025-01-08T15:52:26+00:00,Blog,
https://www.getgenea.com/blog/critical-event-management/,2025-01-08T15:52:53+00:00,Blog,
https://www.getgenea.com/blog/how-qr-codes-automate-visitor-management/,2025-01-08T15:53:22+00:00,Blog,
https://www.getgenea.com/blog/sustainability-a-collective-cre-consciousness/,2025-01-08T16:14:27+00:00,Blog,
https://www.getgenea.com/blog/attracting-and-retaining-the-next-generation-of-leaders-in-cre/,2025-01-08T16:15:49+00:00,Blog,
https://www.getgenea.com/blog/rubs-utility-billing-vs-submetering/,2025-01-08T16:17:35+00:00,Blog,
https://www.getgenea.com/blog/the-state-of-proptech-2022/,2025-01-08T16:17:58+00:00,Blog,
https://www.getgenea.com/blog/building-sustainability-is-no-longer-a-buzz-word/,2025-01-08T16:18:37+00:00,Blog,
https://www.getgenea.com/blog/four-takeaways-from-boma-international/,2025-01-08T16:20:42+00:00,Blog,
https://www.getgenea.com/blog/top-4-ways-to-save-on-hvac/,2025-01-08T16:42:55+00:00,Blog,
https://www.getgenea.com/blog/information-technology-access-control-systems/,2025-01-08T16:44:01+00:00,Blog,
https://www.getgenea.com/blog/6-questions-to-ask-yourself-when-considering-new-cre-tech-solutions/,2025-01-08T18:16:06+00:00,Blog,
https://www.getgenea.com/blog/building-management-systems-and-smart-tech/,2025-01-08T18:17:11+00:00,Blog,
https://www.getgenea.com/blog/commercial-intercom-systems-for-access-control/,2025-01-08T18:20:21+00:00,Blog,
https://www.getgenea.com/blog/door-alarms-for-access-control/,2025-01-08T18:23:40+00:00,Blog,
https://www.getgenea.com/blog/enterprise-access-control/,2025-01-08T18:27:49+00:00,Blog,
https://www.getgenea.com/blog/fail-safe-vs-fail-secure-locks/,2025-01-08T18:28:32+00:00,Blog,
https://www.getgenea.com/blog/flash-parking-integration/,2025-01-08T18:30:29+00:00,Blog,
https://www.getgenea.com/blog/genea-access-control-salient-video-management/,2025-01-08T18:44:43+00:00,Blog,
https://www.getgenea.com/blog/holiday-schedules-for-access-control-how-to-prepare-your-security-for-the-holidays/,2025-01-08T18:46:30+00:00,Blog,
https://www.getgenea.com/blog/how-to-clone-an-rfid-key-card-for-less-than-eleven-dollars/,2025-01-08T19:01:50+00:00,Blog,
https://www.getgenea.com/blog/hvac-guidebook/,2025-01-08T19:06:49+00:00,Blog,
https://www.getgenea.com/blog/interactive-floor-plans/,2025-01-08T19:09:06+00:00,Blog,
https://www.getgenea.com/blog/maximizing-your-property-means-maximizing-your-team/,2025-01-08T19:13:18+00:00,Blog,
https://www.getgenea.com/blog/metering-technology/,2025-01-08T19:14:14+00:00,Blog,
https://www.getgenea.com/blog/mike-maxsenti-securitysource-discuss-changes-in-access-control/,2025-01-08T19:19:23+00:00,Blog,
https://www.getgenea.com/blog/multi-factor-authentication-mfa-in-access-control/,2025-01-08T19:21:58+00:00,Blog,
https://www.getgenea.com/blog/middleware-to-door-access-control/,2025-01-08T19:22:08+00:00,Blog,
https://www.getgenea.com/blog/parking-management-software/,2025-01-08T19:24:00+00:00,Blog,
https://www.getgenea.com/blog/reduce-emergency-response-with-access-control-groups/,2025-01-08T19:33:43+00:00,Blog,
https://www.getgenea.com/blog/password-free-access-control-with-fido2-authentication/,2025-01-08T19:33:50+00:00,Blog,
https://www.getgenea.com/blog/the-power-of-the-smart-campus/,2025-01-08T19:36:08+00:00,Blog,
https://www.getgenea.com/blog/visitor-management-features-update-genea-releases-blocklist-and-watchlist/,2025-01-08T19:37:13+00:00,Blog,
https://www.getgenea.com/blog/webinar-automating-the-way-you-manage-submeter-reading-and-billing-part-1/,2025-01-08T19:38:46+00:00,Blog,
https://www.getgenea.com/blog/webinar-keeping-workplaces-healthy-safe-with-touchless-visitor-management/,2025-01-08T19:42:51+00:00,Blog,
https://www.getgenea.com/blog/wireless-door-locks/,2025-01-08T19:45:13+00:00,Blog,
https://www.getgenea.com/blog/why-commercial-hvac-systems-depend-on-data-and-analytics/,2025-01-08T19:48:24+00:00,Blog,
https://www.getgenea.com/blog/what-is-single-sign-on-sso-and-why-is-it-important/,2025-01-08T22:07:14+00:00,Blog,
https://www.getgenea.com/blog/5-key-elements-for-a-touchless-access-control-building/,2025-01-09T14:53:34+00:00,Blog,
https://www.getgenea.com/blog/how-to-go-on-demand-without-losing-your-building/,2025-01-09T17:05:29+00:00,Blog,
https://www.getgenea.com/blog/how-does-genea-handle-complex-overtime-hvac-fulfillment-and-billing-scenarios/,2025-01-09T17:07:13+00:00,Blog,
https://www.getgenea.com/blog/how-net-metering-solar-energy-systems-impacts-commercial-real-estate/,2025-01-09T17:08:25+00:00,Blog,
https://www.getgenea.com/blog/enhancing-campus-safety-with-genea-and-shooter-detection-systems-integration/,2025-03-27T16:51:39+00:00,Blog,
https://www.getgenea.com/blog/custom-emergency-lockdown-plans/,2025-05-21T23:15:35+00:00,Blog,
https://www.getgenea.com/blog/how-genea-and-transact-cbord-are-redefining-access-control-for-universities/,2025-05-21T23:17:24+00:00,Blog,
https://www.getgenea.com/blog/how-to-pick-the-best-access-control-system-software/,2025-06-02T20:47:57+00:00,Blog,
https://www.getgenea.com/blog/lockdown-security-systems/,2025-06-02T20:49:58+00:00,Blog,
https://www.getgenea.com/blog/genea-named-top-workplace-three-years-in-a-row/,2025-06-02T20:53:24+00:00,Blog,
https://www.getgenea.com/blog/emergency-lockdown-and-hold-open-features/,2025-06-02T21:00:41+00:00,Blog,
https://www.getgenea.com/blog/gate-access-control-why-you-need-it/,2025-06-02T21:25:13+00:00,Blog,
https://www.getgenea.com/blog/mandatory-access-control-vs-discretionary-access-control/,2025-06-02T21:28:39+00:00,Blog,
https://www.getgenea.com/blog/the-future-of-commercial-office-space/,2025-06-02T21:30:31+00:00,Blog,
https://www.getgenea.com/blog/a-safe-return-to-workplace-during-covid-19/,2025-07-02T17:01:40+00:00,Blog,
https://www.getgenea.com/blog/an-hr-perspective-how-to-get-employees-back-to-the-office/,2025-07-18T20:16:13+00:00,Blog,
https://www.getgenea.com/blog/building-visitor-management-made-simple/,2025-07-18T20:16:45+00:00,Blog,
https://www.getgenea.com/blog/access-control-security-what-are-the-different-types-for-commercial-properties/,2025-07-18T20:17:03+00:00,Blog,
https://www.getgenea.com/blog/electric-locks-and-magnetic-locks/,2025-07-18T20:17:52+00:00,Blog,
https://www.getgenea.com/blog/emergency-exit-doors-for-access-control/,2025-07-18T20:18:12+00:00,Blog,
https://www.getgenea.com/blog/how-access-control-companies-support-the-new-hybrid-workplace-model/,2025-07-18T20:18:27+00:00,Blog,
https://www.getgenea.com/blog/keyless-entry-systems/,2025-07-18T20:19:13+00:00,Blog,
https://www.getgenea.com/blog/how-to-truly-drive-value-through-process-automation/,2025-07-18T20:19:16+00:00,Blog,
https://www.getgenea.com/blog/leveraging-tenant-empowerment-technology-part-3/,2025-07-18T20:19:40+00:00,Blog,
https://www.getgenea.com/blog/maximize-the-wellbeing-of-guests-with-a-visitor-management-system/,2025-07-18T20:20:04+00:00,Blog,
https://www.getgenea.com/blog/physical-security/,2025-07-18T20:20:26+00:00,Blog,
https://www.getgenea.com/blog/technology-influencing-real-estate-as-a-service/,2025-07-18T20:21:10+00:00,Blog,
https://www.getgenea.com/blog/types-of-access-control/,2025-07-18T20:22:00+00:00,Blog,
https://www.getgenea.com/blog/card-access-systems/,2025-07-23T12:53:45+00:00,Blog,
https://www.getgenea.com/blog/modernize-your-security-infrastructure-with-genea-and-mercury/,2025-07-23T19:09:55+00:00,Blog,
https://www.getgenea.com/blog/billing-blunders-are-costing-you-more-than-you-think-the-case-for-accurate-submetering/,2025-07-24T16:10:41+00:00,Blog,
https://www.getgenea.com/blog/the-genea-and-triton-integration/,2025-08-06T23:42:27+00:00,Blog,
https://www.getgenea.com/blog/genea-named-top-workplace-five-years-in-a-row/,2025-12-05T17:31:58+00:00,Blog,
https://www.getgenea.com/blog/from-monolith-to-microservices-shaping-the-future-of-enterprise-security/,2026-01-21T23:50:11+00:00,Blog,
https://www.getgenea.com/blog/operational-best-practices-that-drive-tenant-satisfaction/,2026-01-29T18:06:13+00:00,Blog,
https://www.getgenea.com/blog/genea-introduces-genea-ai-intelligent-reporting-built-responsibly-for-modern-security-teams/,2026-02-18T17:21:16+00:00,Blog,
https://www.getgenea.com/blog/announcing-the-genea-ae-program-supporting-consultants-designing-the-future-of-access-control/,2026-02-19T22:49:19+00:00,Blog,
https://www.getgenea.com/blog/what-actually-happens-when-you-migrate-your-access-control-system/,2026-07-29T17:42:58+00:00,Blog,
https://www.getgenea.com/,2026-03-10T20:58:58+00:00,Web Page,
https://www.getgenea.com/products/,2024-12-03T15:44:20+00:00,Web Page,
https://www.getgenea.com/products/submeter/,2024-12-17T17:35:43+00:00,Web Page,
https://www.getgenea.com/products/genea-security/single-pane-of-glass/,2024-12-18T21:46:04+00:00,Web Page,
https://www.getgenea.com/genea-site-walk-questionnaire/,2024-12-19T05:13:44+00:00,Web Page,
https://www.getgenea.com/genea-terms-of-service-transact/,2024-12-19T05:22:49+00:00,Web Page,
https://www.getgenea.com/downloads/,2024-12-19T15:12:28+00:00,Whitepaper/eBook,
https://www.getgenea.com/security-and-compliance/,2024-12-19T15:32:45+00:00,Web Page,
https://www.getgenea.com/products/genea-security/access-control-portal/,2024-12-19T15:36:48+00:00,Web Page,
https://www.getgenea.com/products/genea-security/apple-wallet/,2024-12-19T15:46:04+00:00,Web Page,
https://www.getgenea.com/products/genea-security/google-wallet/,2024-12-19T15:58:03+00:00,Web Page,
https://www.getgenea.com/products/genea-security/access-control-hardware/,2024-12-19T16:06:42+00:00,Web Page,
https://www.getgenea.com/solutions/smb/,2024-12-19T16:13:10+00:00,Web Page,
https://www.getgenea.com/products/genea-security/global-dashboard/,2024-12-19T17:18:35+00:00,Web Page,
https://www.getgenea.com/solutions/it-and-security/,2024-12-19T17:25:15+00:00,Web Page,
https://www.getgenea.com/products/genea-security/mobile-access/,2024-12-19T17:53:04+00:00,Web Page,
https://www.getgenea.com/solutions/hotels/,2024-12-19T17:53:49+00:00,Web Page,
https://www.getgenea.com/products/genea-security/interactive-floor-plans-for-access-control/,2024-12-19T18:57:17+00:00,Web Page,
https://www.getgenea.com/products/overtime-hvac/on-demand-hvac/,2024-12-19T19:35:54+00:00,Web Page,
https://www.getgenea.com/products/submeter/submeter-billing/billing-for-all-tenant-submeters/,2024-12-19T19:37:08+00:00,Web Page,
https://www.getgenea.com/products/genea-security/wireless-locks/,2024-12-19T19:42:09+00:00,Web Page,
https://www.getgenea.com/products/overtime-hvac/after-hours-hvac-scheduling/,2024-12-19T20:01:50+00:00,Web Page,
https://www.getgenea.com/products/overtime-hvac/bms-agnostic-solution/,2024-12-19T20:23:12+00:00,Web Page,
https://www.getgenea.com/products/overtime-hvac/itemized-tenant-billing-statements/,2024-12-19T20:39:03+00:00,Web Page,
https://www.getgenea.com/products/genea-security/building-access-control/building-sync/,2024-12-20T14:13:07+00:00,Web Page,
https://www.getgenea.com/products/genea-security/building-access-control/,2024-12-20T17:29:13+00:00,Web Page,
https://www.getgenea.com/solutions/access-control-for-schools/,2024-12-20T17:47:10+00:00,Web Page,
https://www.getgenea.com/products/overtime-hvac/,2024-12-20T19:14:01+00:00,Web Page,
https://www.getgenea.com/resources/,2024-12-23T14:28:19+00:00,Web Page,
https://www.getgenea.com/genea-product-accessibility-reports/,2024-12-23T14:28:49+00:00,Web Page,
https://www.getgenea.com/integrations/,2025-01-08T16:06:08+00:00,Web Page,
https://www.getgenea.com/referrals/,2025-01-08T20:31:01+00:00,Web Page,
https://www.getgenea.com/products/genea-security/safe-workplace/,2025-01-08T20:51:25+00:00,Web Page,
https://www.getgenea.com/platforms/,2025-02-04T21:42:03+00:00,Web Page,
https://www.getgenea.com/products/genea-security/custom-roles/,2025-02-06T22:33:48+00:00,Web Page,
https://www.getgenea.com/security-integrators/,2025-02-06T23:01:09+00:00,Web Page,
https://www.getgenea.com/products/genea-security/badges/,2025-03-14T21:59:34+00:00,Web Page,
https://www.getgenea.com/all-features/,2025-03-14T22:00:55+00:00,Web Page,
https://www.getgenea.com/products/submeter/submeter-billing/networked-and-manual-meter-reading/,2025-03-21T14:33:42+00:00,Web Page,
https://www.getgenea.com/solutions/access-control-retail-security/,2025-03-21T14:36:21+00:00,Web Page,
https://www.getgenea.com/solutions/co-working-space-security/,2025-03-21T14:36:39+00:00,Web Page,
https://www.getgenea.com/login/,2025-04-21T16:07:46+00:00,Web Page,
https://www.getgenea.com/products/genea-security/shooter-detection/,2025-06-03T17:09:13+00:00,Web Page,
https://www.getgenea.com/products/genea-security/ip-intercom/,2025-06-03T17:13:48+00:00,Web Page,
https://www.getgenea.com/terms-of-service/,2025-06-11T17:20:21+00:00,Web Page,
https://www.getgenea.com/products/genea-security/,2025-06-24T21:21:17+00:00,Web Page,
https://www.getgenea.com/products/genea-security/custom-dashboard/,2025-06-24T21:34:01+00:00,Web Page,
https://www.getgenea.com/solutions/access-control-for-healthcare/,2025-06-24T21:37:24+00:00,Web Page,
https://www.getgenea.com/solutions/property-managers/,2025-06-24T21:42:57+00:00,Web Page,
https://www.getgenea.com/commercial-security-systems/,2025-07-07T13:28:05+00:00,Web Page,
https://www.getgenea.com/careers/open-positions/,2025-07-29T16:31:40+00:00,Web Page,
https://www.getgenea.com/about-us-2/,2025-08-20T20:08:15+00:00,Web Page,
https://www.getgenea.com/the-genea-difference/,2025-08-25T13:49:53+00:00,Web Page,
https://www.getgenea.com/products/submeter-billing/,2025-09-12T17:14:04+00:00,Web Page,
https://www.getgenea.com/products/genea-security/touchless-visitor-management/,2025-10-16T19:42:53+00:00,Web Page,
https://www.getgenea.com/privacy-policy/,2025-11-11T13:20:06+00:00,Web Page,
https://www.getgenea.com/solutions/commercial-real-estate/,2026-01-09T16:50:04+00:00,Web Page,
https://www.getgenea.com/solutions/enterprise/,2026-01-09T16:53:22+00:00,Web Page,
https://www.getgenea.com/building-engineers/,2026-01-09T16:56:17+00:00,Web Page,
https://www.getgenea.com/genea-ae-program-contact/,2026-01-28T22:55:16+00:00,Web Page,
https://www.getgenea.com/solutions/genea-ae-program/,2026-02-05T16:48:22+00:00,Web Page,
https://www.getgenea.com/blog/,2026-02-18T22:33:48+00:00,Blog,
https://www.getgenea.com/integrators/,2026-03-06T16:35:35+00:00,Web Page,
https://www.getgenea.com/,2026-03-10T20:58:58+00:00,Web Page,
https://www.getgenea.com/contact/,2026-03-12T19:30:11+00:00,Web Page,
https://www.getgenea.com/careers/,2026-03-13T17:09:46+00:00,Web Page,
https://www.getgenea.com/products/genea-security/custom-reporting/,2026-03-19T16:58:29+00:00,Web Page,
https://www.getgenea.com/about-us/,2026-05-07T20:57:53+00:00,Web Page,
https://www.getgenea.com/webinars/,2026-07-27T21:47:45+00:00,Webinar,
https://www.getgenea.com/case-studies/,2026-08-12T20:11:37+00:00,Case Study,
https://www.getgenea.com/case-studies/offerup/,2024-12-13T17:13:10+00:00,Case Study,
https://www.getgenea.com/case-studies/vestavia-hills-city-schools-case-study/,2024-12-17T00:43:43+00:00,Case Study,
https://www.getgenea.com/case-studies/jamf-journey-to-mobile-access-control/,2024-12-19T23:21:53+00:00,Case Study,
https://www.getgenea.com/case-studies/hines-case-study/,2024-12-20T19:20:21+00:00,Case Study,
https://www.getgenea.com/case-studies/genea-shopify-case-study/,2025-01-08T19:46:57+00:00,Case Study,
https://www.getgenea.com/case-studies/genea-sunrun-access-control/,2025-01-08T19:48:17+00:00,Case Study,
https://www.getgenea.com/case-studies/cost-and-energy-savings-in-cre-buildings/,2025-01-08T22:54:03+00:00,Case Study,
https://www.getgenea.com/case-studies/gj-pepsi/,2025-04-21T16:19:02+00:00,Case Study,
https://www.getgenea.com/case-studies/global-enterprise/,2025-04-21T16:19:20+00:00,Case Study,
https://www.getgenea.com/case-studies/people-ai-case-study/,2025-04-21T16:19:58+00:00,Case Study,
https://www.getgenea.com/case-studies/perfecting-the-tenant-experience-how-cloud-access-control-is-helping-sage-realty/,2025-04-21T16:20:12+00:00,Case Study,
https://www.getgenea.com/case-studies/overtime-hvac-automation-return-on-investment/,2025-05-14T20:26:26+00:00,Case Study,
https://www.getgenea.com/case-studies/genea-mercer-case-study/,2026-05-27T12:24:20+00:00,Case Study,
https://www.getgenea.com/case-studies/genea-adyen-case-study/,2026-07-24T19:32:15+00:00,Case Study,
https://www.getgenea.com/case-studies/cincinnati-open-serving-up-scalable-security-for-a-world-class-tennis-venue/,2026-08-07T18:48:55+00:00,Case Study,
https://www.getgenea.com/downloads/5-key-elements-for-a-touchless-access-control-building/,2024-12-19T00:08:44+00:00,Whitepaper/eBook,
https://www.getgenea.com/downloads/access-control-for-class-a-office-buildings/,2024-12-19T17:58:19+00:00,Whitepaper/eBook,
https://www.getgenea.com/downloads/all-you-need-to-know-about-submetering/,2024-12-19T18:01:06+00:00,Whitepaper/eBook,
https://www.getgenea.com/downloads/driving-value-with-process-automation/,2024-12-19T18:01:20+00:00,Whitepaper/eBook,
https://www.getgenea.com/downloads/genea-and-different-mechanical-setups/,2024-12-19T18:02:11+00:00,Whitepaper/eBook,
https://www.getgenea.com/downloads/physical-access-control/,2024-12-19T18:02:20+00:00,Whitepaper/eBook,
https://www.getgenea.com/downloads/overtime-hvac-and-real-life-scenarios/,2024-12-19T18:03:31+00:00,Whitepaper/eBook,
https://www.getgenea.com/downloads/proprietary-vs-open-hardware/,2024-12-19T18:03:55+00:00,Whitepaper/eBook,
https://www.getgenea.com/downloads/quantifying-the-value-of-your-after-hours-hvac-program/,2024-12-19T18:04:03+00:00,Whitepaper/eBook,
https://www.getgenea.com/downloads/nycs-local-law-97-a-guide-for-real-estate-teams-adopting-sustainability-solutions/,2024-12-19T18:04:49+00:00,Whitepaper/eBook,
https://www.getgenea.com/downloads/safe-workplace/,2024-12-19T18:05:39+00:00,Whitepaper/eBook,
https://www.getgenea.com/downloads/safeguard-the-workplace-during-and-beyond-the-covid-19-pandemic/,2024-12-19T18:05:52+00:00,Whitepaper/eBook,
https://www.getgenea.com/downloads/submeters-101/,2024-12-19T18:06:05+00:00,Whitepaper/eBook,
https://www.getgenea.com/downloads/submeters-102/,2024-12-19T18:06:22+00:00,Whitepaper/eBook,
https://www.getgenea.com/downloads/the-3-essential-characteristics-of-access-control-for-integrators/,2024-12-19T18:06:37+00:00,Whitepaper/eBook,
https://www.getgenea.com/downloads/the-four-most-common-submeter-billing-mistakes/,2024-12-19T18:06:51+00:00,Whitepaper/eBook,
https://www.getgenea.com/downloads/touchless-visitor-management/,2024-12-19T18:07:16+00:00,Whitepaper/eBook,
https://www.getgenea.com/downloads/access-control-guide-to-opening-a-new-office/,2025-01-08T19:49:27+00:00,Whitepaper/eBook,
https://www.getgenea.com/downloads/implementing-touchless-access-control-into-your-building/,2025-01-08T19:56:00+00:00,Whitepaper/eBook,
https://www.getgenea.com/downloads/passing-through-the-cost-of-your-overtime-hvac-software-to-your-tenants/,2025-01-08T19:57:06+00:00,Whitepaper/eBook,
https://www.getgenea.com/downloads/understanding-the-differences-between-nfc-and-bluetooth/,2025-01-08T19:58:33+00:00,Whitepaper/eBook,
https://www.getgenea.com/downloads/why-centralized-security-is-necessary/,2025-01-08T20:04:50+00:00,Whitepaper/eBook,
https://www.getgenea.com/downloads/genea-and-building-management-systems/,2025-05-30T16:07:26+00:00,Whitepaper/eBook,
https://www.getgenea.com/downloads/access-control-software-takeover/,2025-09-10T21:31:58+00:00,Whitepaper/eBook,
https://www.getgenea.com/downloads/how-to-select-a-physical-security-platform-for-educational-institutions/,2026-06-17T18:02:09+00:00,Whitepaper/eBook,
https://www.getgenea.com/downloads/resources-whitepapers-cloud-vs-on-prem-access-control-guide/,2026-06-17T19:55:26+00:00,Whitepaper/eBook,
https://www.getgenea.com/integrations/braxos/,2022-02-15T23:40:50+00:00,Web Page,
https://www.getgenea.com/integrations/angus/,2022-02-15T23:41:59+00:00,Web Page,
https://www.getgenea.com/integrations/cisco-meraki/,2024-12-16T20:58:55+00:00,Web Page,
https://www.getgenea.com/integrations/exacqvision/,2024-12-16T21:00:57+00:00,Web Page,
https://www.getgenea.com/integrations/genea-visitor-management/,2024-12-16T21:03:12+00:00,Web Page,
https://www.getgenea.com/integrations/microsoft-teams/,2024-12-16T21:05:24+00:00,Web Page,
https://www.getgenea.com/integrations/on-prem-active-directory/,2024-12-16T21:07:40+00:00,Web Page,
https://www.getgenea.com/integrations/onelogin/,2024-12-16T21:08:09+00:00,Web Page,
https://www.getgenea.com/integrations/otis-compass/,2024-12-16T21:08:33+00:00,Web Page,
https://www.getgenea.com/integrations/salient/,2024-12-16T21:10:49+00:00,Web Page,
https://www.getgenea.com/integrations/slack/,2024-12-16T21:11:50+00:00,Web Page,
https://www.getgenea.com/integrations/tk-elevator/,2024-12-16T21:12:30+00:00,Web Page,
https://www.getgenea.com/integrations/vts-rise-2building-hub/,2024-12-16T21:14:21+00:00,Web Page,
https://www.getgenea.com/integrations/webex/,2024-12-16T21:15:26+00:00,Web Page,
https://www.getgenea.com/integrations/building-engines/,2024-12-17T13:29:32+00:00,Web Page,
https://www.getgenea.com/integrations/google-workspace/,2024-12-17T14:22:08+00:00,Web Page,
https://www.getgenea.com/integrations/envoy/,2024-12-17T14:46:03+00:00,Web Page,
https://www.getgenea.com/integrations/flash-parking/,2024-12-17T15:39:20+00:00,Web Page,
https://www.getgenea.com/integrations/tyco-cloud/,2024-12-17T16:16:12+00:00,Web Page,
https://www.getgenea.com/integrations/arcules-video-management/,2024-12-17T17:01:54+00:00,Web Page,
https://www.getgenea.com/integrations/avigilon-unity/,2024-12-19T17:16:37+00:00,Web Page,
https://www.getgenea.com/integrations/avigilon-alta/,2024-12-19T17:17:26+00:00,Web Page,
https://www.getgenea.com/integrations/proxyclick/,2024-12-19T18:04:39+00:00,Web Page,
https://www.getgenea.com/integrations/milestone-systems/,2025-01-08T15:51:45+00:00,Web Page,
https://www.getgenea.com/integrations/eagle-eye-networks/,2025-04-21T14:23:06+00:00,Web Page,
https://www.getgenea.com/integrations/zapier/,2025-04-21T16:08:18+00:00,Web Page,
https://www.getgenea.com/integrations/aiphone-ip-intercoms/,2025-05-29T20:45:25+00:00,Web Page,
https://www.getgenea.com/integrations/axis-network-intercoms/,2025-05-29T20:46:17+00:00,Web Page,
https://www.getgenea.com/integrations/2n-ip-intercom/,2025-05-29T20:46:41+00:00,Web Page,
https://www.getgenea.com/integrations/zenitel-ip-intercoms/,2025-05-29T20:47:07+00:00,Web Page,
https://www.getgenea.com/integrations/mri-software/,2025-06-11T20:04:56+00:00,Web Page,
https://www.getgenea.com/integrations/yardi-systems/,2025-06-11T20:06:04+00:00,Web Page,
https://www.getgenea.com/integrations/bosch-intrusion-alarm-systems/,2025-06-12T21:57:36+00:00,Web Page,
https://www.getgenea.com/integrations/hanwha/,2025-07-21T22:47:10+00:00,Web Page,
https://www.getgenea.com/integrations/saml/,2025-07-23T12:57:02+00:00,Web Page,
https://www.getgenea.com/integrations/shooter-detection-systems/,2025-07-29T16:18:01+00:00,Web Page,
https://www.getgenea.com/integrations/microsoft-entra-id/,2025-09-10T14:51:41+00:00,Web Page,
https://www.getgenea.com/integrations/okta/,2025-09-10T15:44:22+00:00,Web Page,
https://www.getgenea.com/integrations/trtiton-sensors-integration/,2025-09-11T20:28:53+00:00,Web Page,
https://www.getgenea.com/integrations/topoone-bycrisis24/,2025-09-11T20:32:14+00:00,Web Page,
https://www.getgenea.com/integrations/raptor-technologies/,2025-10-22T18:56:51+00:00,Web Page,
https://www.getgenea.com/integrations/kone-elevator-destination-dispatch/,2025-12-12T13:03:31+00:00,Web Page,
https://www.getgenea.com/integrations/vts-rise/,2025-12-16T23:08:27+00:00,Web Page,
https://www.getgenea.com/integrations/schindler/,2025-12-19T21:28:18+00:00,Web Page,
https://www.getgenea.com/integrations/ambient-ai/,2026-01-21T17:22:43+00:00,Web Page,
https://www.getgenea.com/integrations/rhombus/,2026-01-27T19:21:44+00:00,Web Page,
https://www.getgenea.com/integrations/openeye/,2026-02-25T17:28:40+00:00,Web Page,
https://www.getgenea.com/integrations/illumia/,2026-04-22T18:45:16+00:00,Web Page,
https://www.getgenea.com/integrations/tanlock-3-integration/,2026-04-27T20:26:21+00:00,Web Page,
https://www.getgenea.com/integrations/wavelynx/,2026-07-06T23:11:58+00:00,Web Page,
https://www.getgenea.com/integrations/assa-abloy/,2026-07-06T23:13:00+00:00,Web Page,
https://www.getgenea.com/integrations/singlewire/,2026-07-06T23:13:42+00:00,Web Page,
https://www.getgenea.com/integrations/lumana/,2026-08-07T21:45:01+00:00,Web Page,
https://www.getgenea.com/webinars/quantifying-the-value-of-going-on-demand/,2022-04-26T22:28:51+00:00,Webinar,
https://www.getgenea.com/webinars/preparing-for-a-hybrid-workplace/,2022-04-28T18:40:08+00:00,Webinar,
https://www.getgenea.com/webinars/integrating-access-control-and-video-management/,2022-04-28T18:58:38+00:00,Webinar,
https://www.getgenea.com/webinars/touchless-access-for-the-modern-building/,2023-01-31T23:22:57+00:00,Webinar,
https://www.getgenea.com/webinars/staying-secure-access-control-best-practices/,2023-01-31T23:28:34+00:00,Webinar,
https://www.getgenea.com/webinars/keeping-workplaces-healthy-safe-with-touchless-visitor-management/,2023-01-31T23:35:05+00:00,Webinar,
https://www.getgenea.com/webinars/get-people-back-to-the-office-with-safe-workplace/,2023-01-31T23:35:34+00:00,Webinar,
https://www.getgenea.com/webinars/genea-q3-product-updates/,2023-01-31T23:36:24+00:00,Webinar,
https://www.getgenea.com/webinars/automating-the-way-you-manage-submeter-reading-and-billing/,2023-01-31T23:44:10+00:00,Webinar,
https://www.getgenea.com/webinars/practical-ways-to-implement-technology-tenants-are-demanding/,2023-01-31T23:46:48+00:00,Webinar,
https://www.getgenea.com/webinars/submetering-laws-regulations-and-how-to-adjust/,2023-04-27T17:25:38+00:00,Webinar,
https://www.getgenea.com/webinars/submetering-at-scale/,2023-07-19T22:33:06+00:00,Webinar,
https://www.getgenea.com/webinars/building-access-control-in-a-post-covid-19-world/,2023-08-09T21:59:45+00:00,Webinar,
https://www.getgenea.com/webinars/august-shop-talk-with-brian-haine/,2023-08-18T16:42:50+00:00,Webinar,
https://www.getgenea.com/webinars/january-2023-product-updates/,2023-09-26T20:57:40+00:00,Webinar,
https://www.getgenea.com/webinars/energy-dashboards-analytics/,2023-09-26T20:58:24+00:00,Webinar,
https://www.getgenea.com/webinars/september-2023-shop-talk-unlock-the-power-of-dent-meters-insights-from-industry-experts-brian-haine-and-grant-beehler/,2023-09-26T21:16:15+00:00,Webinar,
https://www.getgenea.com/webinars/october-2023-shop-talk-unveiling-the-dynamic-partnership-between-genea-and-gridium/,2023-11-08T19:54:27+00:00,Webinar,
https://www.getgenea.com/webinars/november-2023-shop-talk-evaluating-the-future-of-submetering/,2023-12-13T20:00:04+00:00,Webinar,
https://www.getgenea.com/webinars/december-2023-shop-talk-cracking-the-code-exploring-the-significance-of-title-24/,2024-01-02T20:55:57+00:00,Webinar,
https://www.getgenea.com/webinars/february-2024-shop-talk-cybersecurity-and-the-smart-building/,2024-08-05T19:33:21+00:00,Webinar,
https://www.getgenea.com/webinars/january-2023-webinar-genea-and-milestone/,2024-08-05T19:33:57+00:00,Webinar,
https://www.getgenea.com/webinars/genea-access-control-software-product-demo/,2025-01-08T16:09:42+00:00,Webinar,
https://www.getgenea.com/webinars/product-release-update-january-2022/,2025-01-08T16:14:57+00:00,Webinar,
https://www.getgenea.com/webinars/decoding-access-control-understanding-the-complex-lingo/,2025-01-08T20:35:58+00:00,Webinar,
https://www.getgenea.com/webinars/midyear-product-updates-2023/,2025-01-08T20:39:21+00:00,Webinar,
https://www.getgenea.com/webinars/midyear-product-updates/,2025-01-08T20:40:12+00:00,Webinar,
https://www.getgenea.com/webinars/rhombus-and-genea-integration-webinar/,2025-01-08T20:44:18+00:00,Webinar,
https://www.getgenea.com/webinars/silos-are-expensive-seamlessly-connecting-building-access-parking-and-the-building-ecosystem-together/,2025-01-08T20:49:07+00:00,Webinar,
https://www.getgenea.com/webinars/how-property-teams-can-save-energy-by-going-on-demand/,2025-06-02T20:57:56+00:00,Webinar,
https://www.getgenea.com/webinars/q2-2025-genea-security-product-updates/,2025-09-12T18:28:13+00:00,Webinar,
https://www.getgenea.com/webinars/beyond-the-cool-why-2025-is-the-year-for-mobile-credentials/,2025-09-12T18:29:05+00:00,Webinar,
https://www.getgenea.com/webinars/2024-webinar-how-to-solve-the-disparate-systems-challenge/,2025-09-12T18:29:19+00:00,Webinar,
https://www.getgenea.com/webinars/midyear-product-updates-new-customer-inspired-features-for-2024/,2025-09-12T18:29:45+00:00,Webinar,
https://www.getgenea.com/webinars/executive-fireside-chat-security-through-the-decades/,2025-12-11T20:54:46+00:00,Webinar,
https://www.getgenea.com/webinars/happy-tenants-healthy-bottom-line/,2025-12-11T20:55:11+00:00,Webinar,
https://www.getgenea.com/webinars/q4-2025-security-product-innovation-showcase/,2025-12-11T20:55:35+00:00,Webinar,
https://www.getgenea.com/webinars/genea-ae-program-overview-on-demand-webinar/,2026-02-19T20:19:30+00:00,Webinar,
https://www.getgenea.com/webinars/signals-systems-and-safety-closing-the-gap-in-campus-emergency-response/,2026-03-03T00:55:53+00:00,Webinar,
https://www.getgenea.com/webinars/q1-2026-security-access-control-product-update/,2026-05-06T23:08:10+00:00,Webinar,
https://www.getgenea.com/webinars/migration-without-the-mayhem/,2026-05-19T19:40:54+00:00,Webinar,
https://www.getgenea.com/webinars/genea-mid-year-product-update-2026/,2026-07-28T21:38:43+00:00,Webinar,
https://www.getgenea.com/blog/review-category/odhvac/,2025-02-06T17:43:41+00:00,Blog,
https://www.getgenea.com/blog/review-category/security/,2025-02-10T18:38:50+00:00,Blog,
https://www.getgenea.com/blog/review-category/submeter-billing/,2025-02-06T17:45:29+00:00,Blog,
